Year,Borough,Neighborhood,Total,Humans,sq_meter
11,BROOKLYN,BOROUGH PARK,104458.3333,335341,"16,418,150"
12,BROOKLYN,BOROUGH PARK,40743.76771,334688,"16,418,150"
13,BROOKLYN,BOROUGH PARK,35933.77622,336911,"16,418,150"
14,BROOKLYN,BOROUGH PARK,34221.21019,341264,"16,418,150"
15,BROOKLYN,BOROUGH PARK,32449.77654,342436,"16,418,150"
16,BROOKLYN,BOROUGH PARK,32391.57128,338920,"16,418,150"
17,BROOKLYN,BOROUGH PARK,95900,341252,"16,418,150"
18,BROOKLYN,BOROUGH PARK,149160,330597,"16,418,150"
19,BROOKLYN,BOROUGH PARK,86230.76924,324318,"16,418,150"
20,BROOKLYN,BOROUGH PARK,103457.1429,324120,"16,418,150"
11,BRONX,BRONX PARK AND FORDHAM,65347.36842,241007,"11,433,860"
12,BRONX,BRONX PARK AND FORDHAM,69874.5098,244435,"11,433,860"
13,BRONX,BRONX PARK AND FORDHAM,72119.04762,245435,"11,433,860"
14,BRONX,BRONX PARK AND FORDHAM,76537.14286,248210,"11,433,860"
15,BRONX,BRONX PARK AND FORDHAM,64405.9322,254745,"11,433,860"
16,BRONX,BRONX PARK AND FORDHAM,64428.47223,261147,"11,433,860"
17,BRONX,BRONX PARK AND FORDHAM,67803.75,265532,"11,433,860"
18,BRONX,BRONX PARK AND FORDHAM,56507.14286,266339,"11,433,860"
19,BRONX,BRONX PARK AND FORDHAM,57537.87878,265756,"11,433,860"
20,BRONX,BRONX PARK AND FORDHAM,56513.33333,265538,"11,433,860"
11,BROOKLYN,BUSHWICK AND WILLIAMSBURG,162934.3923,208838,"7,962,620"
12,BROOKLYN,BUSHWICK AND WILLIAMSBURG,139651.0446,213371,"7,962,620"
13,BROOKLYN,BUSHWICK AND WILLIAMSBURG,107131.7073,218324,"7,962,620"
14,BROOKLYN,BUSHWICK AND WILLIAMSBURG,174878.1316,222211,"7,962,620"
15,BROOKLYN,BUSHWICK AND WILLIAMSBURG,155321.9733,222360,"7,962,620"
16,BROOKLYN,BUSHWICK AND WILLIAMSBURG,173569.8014,224198,"7,962,620"
17,BROOKLYN,BUSHWICK AND WILLIAMSBURG,151496.277,224622,"7,962,620"
18,BROOKLYN,BUSHWICK AND WILLIAMSBURG,171033.2433,221494,"7,962,620"
19,BROOKLYN,BUSHWICK AND WILLIAMSBURG,182418.0504,220620,"7,962,620"
20,BROOKLYN,BUSHWICK AND WILLIAMSBURG,164208.8965,219953,"7,962,620"
11,BROOKLYN,CANARSIE AND FLATLANDS,37191.43647,202336,"30,337,160"
12,BROOKLYN,CANARSIE AND FLATLANDS,36266.43059,205324,"30,337,160"
13,BROOKLYN,CANARSIE AND FLATLANDS,29872.65734,204355,"30,337,160"
14,BROOKLYN,CANARSIE AND FLATLANDS,24926.56051,206267,"30,337,160"
15,BROOKLYN,CANARSIE AND FLATLANDS,23235.64246,207112,"30,337,160"
16,BROOKLYN,CANARSIE AND FLATLANDS,35190.84287,208063,"30,337,160"
17,BROOKLYN,CANARSIE AND FLATLANDS,28389.83051,211087,"30,337,160"
18,BROOKLYN,CANARSIE AND FLATLANDS,30463.73832,209241,"30,337,160"
19,BROOKLYN,CANARSIE AND FLATLANDS,33029.66418,207150,"30,337,160"
20,BROOKLYN,CANARSIE AND FLATLANDS,34723.18286,202025,"30,337,160"
11,BRONX,CENTRAL BRONX,51345.74468,203982,"8,528,220"
12,BRONX,CENTRAL BRONX,47545.19232,204565,"8,528,220"
13,BRONX,CENTRAL BRONX,63817.5,206159,"8,528,220"
14,BRONX,CENTRAL BRONX,48964.61539,208693,"8,528,220"
15,BRONX,CENTRAL BRONX,51847.5,213356,"8,528,220"
16,BRONX,CENTRAL BRONX,47631.50684,214792,"8,528,220"
17,BRONX,CENTRAL BRONX,58737.5,218672,"8,528,220"
18,BRONX,CENTRAL BRONX,60456.34921,213665,"8,528,220"
19,BRONX,CENTRAL BRONX,62052.94118,215970,"8,528,220"
20,BRONX,CENTRAL BRONX,53731.03448,211051,"8,528,220"
11,BROOKLYN,CENTRAL BROOKLYN,168332.3077,312762,"15,586,330"
12,BROOKLYN,CENTRAL BROOKLYN,230300,316118,"15,586,330"
13,BROOKLYN,CENTRAL BROOKLYN,192516.3636,320856,"15,586,330"
14,BROOKLYN,CENTRAL BROOKLYN,183023.4375,326543,"15,586,330"
15,BROOKLYN,CENTRAL BROOKLYN,173150.641,331606,"15,586,330"
16,BROOKLYN,CENTRAL BROOKLYN,182000,333870,"15,586,330"
17,BROOKLYN,CENTRAL BROOKLYN,247061.9048,337124,"15,586,330"
18,BROOKLYN,CENTRAL BROOKLYN,235107.7982,330489,"15,586,330"
19,BROOKLYN,CENTRAL BROOKLYN,254022.1239,335096,"15,586,330"
20,BROOKLYN,CENTRAL BROOKLYN,294745.9016,335884,"15,586,330"
11,MANHATTAN,CENTRAL HARLEM,45100,166792,"5,723,382"
12,MANHATTAN,CENTRAL HARLEM,42556.81818,169650,"5,723,382"
13,MANHATTAN,CENTRAL HARLEM,43400,172914,"5,723,382"
14,MANHATTAN,CENTRAL HARLEM,64894.11765,174952,"5,723,382"
15,MANHATTAN,CENTRAL HARLEM,49932.97872,177406,"5,723,382"
16,MANHATTAN,CENTRAL HARLEM,55353.65854,180601,"5,723,382"
17,MANHATTAN,CENTRAL HARLEM,47694.73684,184020,"5,723,382"
18,MANHATTAN,CENTRAL HARLEM,66316,182658,"5,723,382"
19,MANHATTAN,CENTRAL HARLEM,63920,182949,"5,723,382"
20,MANHATTAN,CENTRAL HARLEM,61013.9785,180928,"5,723,382"
11,QUEENS,CENTRAL QUEENS,8649.17127,94278,"15,463,470"
12,QUEENS,CENTRAL QUEENS,4029.603399,94537,"15,463,470"
13,QUEENS,CENTRAL QUEENS,8658.74126,96445,"15,463,470"
14,QUEENS,CENTRAL QUEENS,8449.681528,97866,"15,463,470"
15,QUEENS,CENTRAL QUEENS,8813.519553,100900,"15,463,470"
16,QUEENS,CENTRAL QUEENS,5198.647243,101030,"15,463,470"
17,QUEENS,CENTRAL QUEENS,4482.604818,103369,"15,463,470"
18,QUEENS,CENTRAL QUEENS,6890.607477,101457,"15,463,470"
19,QUEENS,CENTRAL QUEENS,12124.81343,100305,"15,463,470"
20,QUEENS,CENTRAL QUEENS,8496.097934,97980,"15,463,470"
11,MANHATTAN,CHELSEA AND CLINTON,87360,140600,"7,128,962"
12,MANHATTAN,CHELSEA AND CLINTON,38608.33334,141343,"7,128,962"
13,MANHATTAN,CHELSEA AND CLINTON,49000,142680,"7,128,962"
14,MANHATTAN,CHELSEA AND CLINTON,43391.66666,146649,"7,128,962"
15,MANHATTAN,CHELSEA AND CLINTON,39530.55556,149683,"7,128,962"
16,MANHATTAN,CHELSEA AND CLINTON,36180,150038,"7,128,962"
17,MANHATTAN,CHELSEA AND CLINTON,49666.66666,152837,"7,128,962"
18,MANHATTAN,CHELSEA AND CLINTON,42068.97197,154214,"7,128,962"
19,MANHATTAN,CHELSEA AND CLINTON,54337.5,156857,"7,128,962"
20,MANHATTAN,CHELSEA AND CLINTON,45748.14815,157141,"7,128,962"
11,MANHATTAN,EAST HARLEM,31569.47514,113741,"5,753,160"
12,MANHATTAN,EAST HARLEM,30445.89235,113740,"5,753,160"
13,MANHATTAN,EAST HARLEM,24415.38462,110942,"5,753,160"
14,MANHATTAN,EAST HARLEM,29640,112617,"5,753,160"
15,MANHATTAN,EAST HARLEM,25025,113171,"5,753,160"
16,MANHATTAN,EAST HARLEM,27204.54545,113598,"5,753,160"
17,MANHATTAN,EAST HARLEM,31017.3913,116232,"5,753,160"
18,MANHATTAN,EAST HARLEM,27391.30434,115340,"5,753,160"
19,MANHATTAN,EAST HARLEM,32250,112761,"5,753,160"
20,MANHATTAN,EAST HARLEM,35874.28572,111616,"5,753,160"
11,BROOKLYN,EAST NEW YORK AND NEW LOTS,80607.14286,183123,"15,868,970"
12,BROOKLYN,EAST NEW YORK AND NEW LOTS,119350,186052,"15,868,970"
13,BROOKLYN,EAST NEW YORK AND NEW LOTS,134250,185598,"15,868,970"
14,BROOKLYN,EAST NEW YORK AND NEW LOTS,87289.47368,185727,"15,868,970"
15,BROOKLYN,EAST NEW YORK AND NEW LOTS,102857.1429,188504,"15,868,970"
16,BROOKLYN,EAST NEW YORK AND NEW LOTS,102608.6957,188966,"15,868,970"
17,BROOKLYN,EAST NEW YORK AND NEW LOTS,93276.92308,191725,"15,868,970"
18,BROOKLYN,EAST NEW YORK AND NEW LOTS,119542.1053,190632,"15,868,970"
19,BROOKLYN,EAST NEW YORK AND NEW LOTS,133162.5,192396,"15,868,970"
20,BROOKLYN,EAST NEW YORK AND NEW LOTS,138272,193493,"15,868,970"
11,BROOKLYN,FLATBUSH,124516.6667,303254,"15,436,210"
12,BROOKLYN,FLATBUSH,90893.20113,303707,"15,436,210"
13,BROOKLYN,FLATBUSH,70891.09557,302381,"15,436,210"
14,BROOKLYN,FLATBUSH,61121.27561,301965,"15,436,210"
15,BROOKLYN,FLATBUSH,87435,302525,"15,436,210"
16,BROOKLYN,FLATBUSH,113847.6067,306465,"15,436,210"
17,BROOKLYN,FLATBUSH,91091.65923,307059,"15,436,210"
18,BROOKLYN,FLATBUSH,95073.98918,301650,"15,436,210"
19,BROOKLYN,FLATBUSH,92924.86491,297167,"15,436,210"
20,BROOKLYN,FLATBUSH,90917.20774,292416,"15,436,210"
11,MANHATTAN,GRAMERCY PARK AND MURRAY HILL,18163.25967,127158,"4,349,502"
12,MANHATTAN,GRAMERCY PARK AND MURRAY HILL,17461.61473,127474,"4,349,502"
13,MANHATTAN,GRAMERCY PARK AND MURRAY HILL,17750.41958,127613,"4,349,502"
14,MANHATTAN,GRAMERCY PARK AND MURRAY HILL,25349.04459,126797,"4,349,502"
15,MANHATTAN,GRAMERCY PARK AND MURRAY HILL,24838.10056,129167,"4,349,502"
16,MANHATTAN,GRAMERCY PARK AND MURRAY HILL,21594.38085,130093,"4,349,502"
17,MANHATTAN,GRAMERCY PARK AND MURRAY HILL,22413.02409,131762,"4,349,502"
18,MANHATTAN,GRAMERCY PARK AND MURRAY HILL,22847.80374,131713,"4,349,502"
19,MANHATTAN,GRAMERCY PARK AND MURRAY HILL,22995.33582,135768,"4,349,502"
20,MANHATTAN,GRAMERCY PARK AND MURRAY HILL,25857.68936,135314,"4,349,502"
11,BROOKLYN,GREENPOINT,72336.36364,124004,"9,900,400"
12,BROOKLYN,GREENPOINT,49140,124228,"9,900,400"
13,BROOKLYN,GREENPOINT,49680,127457,"9,900,400"
14,BROOKLYN,GREENPOINT,65695.45455,129261,"9,900,400"
15,BROOKLYN,GREENPOINT,58040.625,132935,"9,900,400"
16,BROOKLYN,GREENPOINT,47092,135659,"9,900,400"
17,BROOKLYN,GREENPOINT,63743.47826,138405,"9,900,400"
18,BROOKLYN,GREENPOINT,92605.55555,139116,"9,900,400"
19,BROOKLYN,GREENPOINT,77466.66667,139995,"9,900,400"
20,BROOKLYN,GREENPOINT,75828,141271,"9,900,400"
11,MANHATTAN,GREENWICH VILLAGE AND SOHO,26807.69231,81969,"3,642,691"
12,MANHATTAN,GREENWICH VILLAGE AND SOHO,28946.15385,81686,"3,642,691"
13,MANHATTAN,GREENWICH VILLAGE AND SOHO,50412.5,82807,"3,642,691"
14,MANHATTAN,GREENWICH VILLAGE AND SOHO,31900,83618,"3,642,691"
15,MANHATTAN,GREENWICH VILLAGE AND SOHO,67000,82305,"3,642,691"
16,MANHATTAN,GREENWICH VILLAGE AND SOHO,37590.21852,88192,"3,642,691"
17,MANHATTAN,GREENWICH VILLAGE AND SOHO,35487.28813,85940,"3,642,691"
18,MANHATTAN,GREENWICH VILLAGE AND SOHO,27199.76636,82858,"3,642,691"
19,MANHATTAN,GREENWICH VILLAGE AND SOHO,45225,82461,"3,642,691"
20,MANHATTAN,GREENWICH VILLAGE AND SOHO,38786.53404,80762,"3,642,691"
11,BRONX,HIGH BRIDGE AND MORRISANIA,37479.66101,204821,"7,816,430"
12,BRONX,HIGH BRIDGE AND MORRISANIA,52755.31915,208247,"7,816,430"
13,BRONX,HIGH BRIDGE AND MORRISANIA,49655.55555,209723,"7,816,430"
14,BRONX,HIGH BRIDGE AND MORRISANIA,45610.16949,214807,"7,816,430"
15,BRONX,HIGH BRIDGE AND MORRISANIA,46050.84746,215615,"7,816,430"
16,BRONX,HIGH BRIDGE AND MORRISANIA,39516.12903,216289,"7,816,430"
17,BRONX,HIGH BRIDGE AND MORRISANIA,36338.51351,220890,"7,816,430"
18,BRONX,HIGH BRIDGE AND MORRISANIA,43627.11865,218094,"7,816,430"
19,BRONX,HIGH BRIDGE AND MORRISANIA,39543.26923,216305,"7,816,430"
20,BRONX,HIGH BRIDGE AND MORRISANIA,42750,214281,"7,816,430"
11,BRONX,HUNTS POINT AND MOTT HAVEN,40411.53846,133949,"10,631,050"
12,BRONX,HUNTS POINT AND MOTT HAVEN,34903.70371,135687,"10,631,050"
13,BRONX,HUNTS POINT AND MOTT HAVEN,37252.17392,137161,"10,631,050"
14,BRONX,HUNTS POINT AND MOTT HAVEN,38911.29032,139194,"10,631,050"
15,BRONX,HUNTS POINT AND MOTT HAVEN,38866.66667,141085,"10,631,050"
16,BRONX,HUNTS POINT AND MOTT HAVEN,49984.61538,142482,"10,631,050"
17,BRONX,HUNTS POINT AND MOTT HAVEN,46375.51021,142715,"10,631,050"
18,BRONX,HUNTS POINT AND MOTT HAVEN,45643.13725,140964,"10,631,050"
19,BRONX,HUNTS POINT AND MOTT HAVEN,50724.32432,140122,"10,631,050"
20,BRONX,HUNTS POINT AND MOTT HAVEN,46297.67442,138077,"10,631,050"
11,MANHATTAN,INWOOD AND WASHINGTON HEIGHTS,51864.03509,264239,"8,847,482"
12,MANHATTAN,INWOOD AND WASHINGTON HEIGHTS,55250,263281,"8,847,482"
13,MANHATTAN,INWOOD AND WASHINGTON HEIGHTS,48374.63768,263511,"8,847,482"
14,MANHATTAN,INWOOD AND WASHINGTON HEIGHTS,55770.96774,266451,"8,847,482"
15,MANHATTAN,INWOOD AND WASHINGTON HEIGHTS,52216.21621,269556,"8,847,482"
16,MANHATTAN,INWOOD AND WASHINGTON HEIGHTS,52772.72728,272339,"8,847,482"
17,MANHATTAN,INWOOD AND WASHINGTON HEIGHTS,52602.73973,276566,"8,847,482"
18,MANHATTAN,INWOOD AND WASHINGTON HEIGHTS,58900,271606,"8,847,482"
19,MANHATTAN,INWOOD AND WASHINGTON HEIGHTS,56274.50981,268348,"8,847,482"
20,MANHATTAN,INWOOD AND WASHINGTON HEIGHTS,59733.33334,265585,"8,847,482"
11,QUEENS,JAMAICA,115172.7273,285295,"31,856,030"
12,QUEENS,JAMAICA,116577.5,289098,"31,856,030"
13,QUEENS,JAMAICA,123088.2353,297296,"31,856,030"
14,QUEENS,JAMAICA,132646.6667,308452,"31,856,030"
15,QUEENS,JAMAICA,89178.57142,308098,"31,856,030"
16,QUEENS,JAMAICA,125290,313056,"31,856,030"
17,QUEENS,JAMAICA,159489.4737,319201,"31,856,030"
18,QUEENS,JAMAICA,129493.1818,312564,"31,856,030"
19,QUEENS,JAMAICA,129431.5789,312357,"31,856,030"
20,QUEENS,JAMAICA,94819.56522,309667,"31,856,030"
11,BRONX,KINGSBRIDGE AND RIVERDALE,11243.92265,90567,"10,432,580"
12,BRONX,KINGSBRIDGE AND RIVERDALE,15670.67988,91163,"10,432,580"
13,BRONX,KINGSBRIDGE AND RIVERDALE,14286.92308,92450,"10,432,580"
14,BRONX,KINGSBRIDGE AND RIVERDALE,20279.23567,93173,"10,432,580"
15,BRONX,KINGSBRIDGE AND RIVERDALE,20831.95531,93708,"10,432,580"
16,BRONX,KINGSBRIDGE AND RIVERDALE,25593.34027,93258,"10,432,580"
17,BRONX,KINGSBRIDGE AND RIVERDALE,22786.57449,94903,"10,432,580"
18,BRONX,KINGSBRIDGE AND RIVERDALE,23935.79439,93256,"10,432,580"
19,BRONX,KINGSBRIDGE AND RIVERDALE,24667.72388,93554,"10,432,580"
20,BRONX,KINGSBRIDGE AND RIVERDALE,23641.31599,92813,"10,432,580"
11,MANHATTAN,LOWER EAST SIDE,50952.94117,198860,"5,367,650"
12,MANHATTAN,LOWER EAST SIDE,52511.76471,199334,"5,367,650"
13,MANHATTAN,LOWER EAST SIDE,51100.00001,202311,"5,367,650"
14,MANHATTAN,LOWER EAST SIDE,54347.61905,198768,"5,367,650"
15,MANHATTAN,LOWER EAST SIDE,50124.13793,198713,"5,367,650"
16,MANHATTAN,LOWER EAST SIDE,45859.25926,194662,"5,367,650"
17,MANHATTAN,LOWER EAST SIDE,48851.92307,193101,"5,367,650"
18,MANHATTAN,LOWER EAST SIDE,39013.33333,187600,"5,367,650"
19,MANHATTAN,LOWER EAST SIDE,42788.46154,186749,"5,367,650"
20,MANHATTAN,LOWER EAST SIDE,77736.84211,187301,"5,367,650"
11,MANHATTAN,LOWER MANHATTAN,9514.088398,43424,"3,430,705"
12,MANHATTAN,LOWER MANHATTAN,12536.54391,45040,"3,430,705"
13,MANHATTAN,LOWER MANHATTAN,12122.23776,47428,"3,430,705"
14,MANHATTAN,LOWER MANHATTAN,10139.61783,50106,"3,430,705"
15,MANHATTAN,LOWER MANHATTAN,10816.59218,52354,"3,430,705"
16,MANHATTAN,LOWER MANHATTAN,14796.14984,53916,"3,430,705"
17,MANHATTAN,LOWER MANHATTAN,7844.55843,54562,"3,430,705"
18,MANHATTAN,LOWER MANHATTAN,11967.8972,54520,"3,430,705"
19,MANHATTAN,LOWER MANHATTAN,15469.58955,55343,"3,430,705"
20,MANHATTAN,LOWER MANHATTAN,12559.44912,56377,"3,430,705"
11,STATEN ISLAND,MID ISLAND,20758.01105,87662,"35,520,700"
12,STATEN ISLAND,MID ISLAND,25073.08782,87921,"35,520,700"
13,STATEN ISLAND,MID ISLAND,21646.85315,87276,"35,520,700"
14,STATEN ISLAND,MID ISLAND,23659.10828,87524,"35,520,700"
15,STATEN ISLAND,MID ISLAND,18428.26816,87600,"35,520,700"
16,STATEN ISLAND,MID ISLAND,12396.77419,88780,"35,520,700"
17,STATEN ISLAND,MID ISLAND,22413.02409,89960,"35,520,700"
18,STATEN ISLAND,MID ISLAND,19583.83178,90761,"35,520,700"
19,STATEN ISLAND,MID ISLAND,22159.14179,89792,"35,520,700"
20,STATEN ISLAND,MID ISLAND,19577.9648,89938,"35,520,700"
11,QUEENS,NORTH QUEENS,20325.55249,257413,"30,809,688"
12,QUEENS,NORTH QUEENS,22834.41926,262964,"30,809,688"
13,QUEENS,NORTH QUEENS,18616.29371,261570,"30,809,688"
14,QUEENS,NORTH QUEENS,20279.23567,262170,"30,809,688"
15,QUEENS,NORTH QUEENS,18428.26816,261157,"30,809,688"
16,QUEENS,NORTH QUEENS,23193.96462,261257,"30,809,688"
17,QUEENS,NORTH QUEENS,25401.4273,262378,"30,809,688"
18,QUEENS,NORTH QUEENS,25749.11215,256128,"30,809,688"
19,QUEENS,NORTH QUEENS,32611.56717,253041,"30,809,688"
20,QUEENS,NORTH QUEENS,35831.36955,253562,"30,809,688"
11,BRONX,NORTHEAST BRONX,50491.66667,200571,"19,794,800"
12,BRONX,NORTHEAST BRONX,69866.66666,200483,"19,794,800"
13,BRONX,NORTHEAST BRONX,70218.75,200533,"19,794,800"
14,BRONX,NORTHEAST BRONX,44134.61538,201360,"19,794,800"
15,BRONX,NORTHEAST BRONX,52031.25,202651,"19,794,800"
16,BRONX,NORTHEAST BRONX,50386.88866,202632,"19,794,800"
17,BRONX,NORTHEAST BRONX,58240,205410,"19,794,800"
18,BRONX,NORTHEAST BRONX,51178.94737,204989,"19,794,800"
19,BRONX,NORTHEAST BRONX,47663.05971,205957,"19,794,800"
20,BRONX,NORTHEAST BRONX,49129.60979,206360,"19,794,800"
11,QUEENS,NORTHEAST QUEENS,8216.712709,88842,"19,709,110"
12,QUEENS,NORTHEAST QUEENS,5820.538243,89965,"19,709,110"
13,QUEENS,NORTHEAST QUEENS,3896.433567,90567,"19,709,110"
14,QUEENS,NORTHEAST QUEENS,6759.745223,90776,"19,709,110"
15,QUEENS,NORTHEAST QUEENS,5608.603352,90957,"19,709,110"
16,QUEENS,NORTHEAST QUEENS,7598.022893,90165,"19,709,110"
17,QUEENS,NORTHEAST QUEENS,8965.209635,90823,"19,709,110"
18,QUEENS,NORTHEAST QUEENS,15231.86916,89725,"19,709,110"
19,QUEENS,NORTHEAST QUEENS,4599.067164,88855,"19,709,110"
20,QUEENS,NORTHEAST QUEENS,4802.142311,89925,"19,709,110"
11,BROOKLYN,NORTHWEST BROOKLYN,138547.619,229931,"17,408,830"
12,BROOKLYN,NORTHWEST BROOKLYN,143055,232353,"17,408,830"
13,BROOKLYN,NORTHWEST BROOKLYN,174958.3333,239485,"17,408,830"
14,BROOKLYN,NORTHWEST BROOKLYN,182688.4616,243136,"17,408,830"
15,BROOKLYN,NORTHWEST BROOKLYN,129918,246166,"17,408,830"
16,BROOKLYN,NORTHWEST BROOKLYN,149407.3529,249816,"17,408,830"
17,BROOKLYN,NORTHWEST BROOKLYN,138541.3043,255437,"17,408,830"
18,BROOKLYN,NORTHWEST BROOKLYN,177333.3333,258295,"17,408,830"
19,BROOKLYN,NORTHWEST BROOKLYN,151985.5769,259781,"17,408,830"
20,BROOKLYN,NORTHWEST BROOKLYN,174533.3333,262916,"17,408,830"
11,QUEENS,NORTHWEST QUEENS,56471.42856,194376,"18,614,290"
12,QUEENS,NORTHWEST QUEENS,42534.70255,195588,"18,614,290"
13,QUEENS,NORTHWEST QUEENS,47480.62937,196599,"18,614,290"
14,QUEENS,NORTHWEST QUEENS,59269.96815,200605,"18,614,290"
15,QUEENS,NORTHWEST QUEENS,60143.53674,203106,"18,614,290"
16,QUEENS,NORTHWEST QUEENS,67407.38013,201924,"18,614,290"
17,QUEENS,NORTHWEST QUEENS,53479.47473,203739,"18,614,290"
18,QUEENS,NORTHWEST QUEENS,54287.99066,198847,"18,614,290"
19,QUEENS,NORTHWEST QUEENS,111162.6244,196895,"18,614,290"
20,QUEENS,NORTHWEST QUEENS,102738.6215,195898,"18,614,290"
11,STATEN ISLAND,PORT RICHMOND,24217.67956,67875,"15,869,040"
12,STATEN ISLAND,PORT RICHMOND,24625.35411,66477,"15,869,040"
13,STATEN ISLAND,PORT RICHMOND,22945.66434,66575,"15,869,040"
14,STATEN ISLAND,PORT RICHMOND,28306.43312,67110,"15,869,040"
15,STATEN ISLAND,PORT RICHMOND,27241.78771,66613,"15,869,040"
16,STATEN ISLAND,PORT RICHMOND,31191.88345,66371,"15,869,040"
17,STATEN ISLAND,PORT RICHMOND,31004.68332,68051,"15,869,040"
18,STATEN ISLAND,PORT RICHMOND,35178.36449,67413,"15,869,040"
19,STATEN ISLAND,PORT RICHMOND,42645.89552,69238,"15,869,040"
20,STATEN ISLAND,PORT RICHMOND,34723.18287,69274,"15,869,040"
11,QUEENS,ROCKAWAYS,13406.21547,113026,"21,794,750"
12,QUEENS,ROCKAWAYS,20595.75071,115352,"21,794,750"
13,QUEENS,ROCKAWAYS,9957.552448,116048,"21,794,750"
14,QUEENS,ROCKAWAYS,16054.3949,117470,"21,794,750"
15,QUEENS,ROCKAWAYS,10816.59218,118917,"21,794,750"
16,QUEENS,ROCKAWAYS,8797.710718,121237,"21,794,750"
17,QUEENS,ROCKAWAYS,13447.81445,123012,"21,794,750"
18,QUEENS,ROCKAWAYS,11967.8972,125898,"21,794,750"
19,QUEENS,ROCKAWAYS,13379.10448,128437,"21,794,750"
20,QUEENS,ROCKAWAYS,11820.658,128662,"21,794,750"
11,STATEN ISLAND,SOUTH SHORE,96800,190111,"66,837,940"
12,STATEN ISLAND,SOUTH SHORE,62560,191971,"66,837,940"
13,STATEN ISLAND,SOUTH SHORE,75716.66667,192397,"66,837,940"
14,STATEN ISLAND,SOUTH SHORE,73125.00001,194186,"66,837,940"
15,STATEN ISLAND,SOUTH SHORE,84211.11111,195020,"66,837,940"
16,STATEN ISLAND,SOUTH SHORE,174460,195026,"66,837,940"
17,STATEN ISLAND,SOUTH SHORE,45946.69937,194291,"66,837,940"
18,STATEN ISLAND,SOUTH SHORE,67523.07693,193832,"66,837,940"
19,STATEN ISLAND,SOUTH SHORE,57279.29105,193745,"66,837,940"
20,STATEN ISLAND,SOUTH SHORE,46913.23642,193282,"66,837,940"
11,BRONX,SOUTHEAST BRONX,99900,297602,"36,368,140"
12,BRONX,SOUTHEAST BRONX,76970.83333,301497,"36,368,140"
13,BRONX,SOUTHEAST BRONX,81120,305767,"36,368,140"
14,BRONX,SOUTHEAST BRONX,66344.82759,309048,"36,368,140"
15,BRONX,SOUTHEAST BRONX,71882.6087,308892,"36,368,140"
16,BRONX,SOUTHEAST BRONX,59925,308143,"36,368,140"
17,BRONX,SOUTHEAST BRONX,75406.25,310450,"36,368,140"
18,BRONX,SOUTHEAST BRONX,69666.66666,304148,"36,368,140"
19,BRONX,SOUTHEAST BRONX,74625,301133,"36,368,140"
20,BRONX,SOUTHEAST BRONX,84032.92684,303526,"36,368,140"
11,QUEENS,SOUTHEAST QUEENS,28974.72376,200415,"34,493,800"
12,QUEENS,SOUTHEAST QUEENS,31341.35977,199708,"34,493,800"
13,QUEENS,SOUTHEAST QUEENS,31171.46853,202012,"34,493,800"
14,QUEENS,SOUTHEAST QUEENS,27883.94905,200398,"34,493,800"
15,QUEENS,SOUTHEAST QUEENS,29244.86034,200254,"34,493,800"
16,QUEENS,SOUTHEAST QUEENS,25593.34027,201204,"34,493,800"
17,QUEENS,SOUTHEAST QUEENS,26148.5281,205778,"34,493,800"
18,QUEENS,SOUTHEAST QUEENS,26474.43925,203437,"34,493,800"
19,QUEENS,SOUTHEAST QUEENS,34283.95522,203361,"34,493,800"
20,QUEENS,SOUTHEAST QUEENS,24749.50268,205571,"34,493,800"
11,BROOKLYN,SOUTHERN BROOKLYN,82971.42857,266450,"20,799,030"
12,BROOKLYN,SOUTHERN BROOKLYN,42534.70255,270462,"20,799,030"
13,BROOKLYN,SOUTHERN BROOKLYN,96800,272801,"20,799,030"
14,BROOKLYN,SOUTHERN BROOKLYN,39291.0191,276322,"20,799,030"
15,BROOKLYN,SOUTHERN BROOKLYN,49068.18182,280786,"20,799,030"
16,BROOKLYN,SOUTHERN BROOKLYN,38390.01041,284325,"20,799,030"
17,BROOKLYN,SOUTHERN BROOKLYN,73981.25,292097,"20,799,030"
18,BROOKLYN,SOUTHERN BROOKLYN,68333.33334,290239,"20,799,030"
19,BROOKLYN,SOUTHERN BROOKLYN,69200,289077,"20,799,030"
20,BROOKLYN,SOUTHERN BROOKLYN,59242.10527,284917,"20,799,030"
11,BROOKLYN,SOUTHWEST BROOKLYN,23785.22099,192615,"15,065,760"
12,BROOKLYN,SOUTHWEST BROOKLYN,24177.6204,197258,"15,065,760"
13,BROOKLYN,SOUTHWEST BROOKLYN,25976.22378,199708,"15,065,760"
14,BROOKLYN,SOUTHWEST BROOKLYN,16476.87898,206938,"15,065,760"
15,BROOKLYN,SOUTHWEST BROOKLYN,17226.42458,209288,"15,065,760"
16,BROOKLYN,SOUTHWEST BROOKLYN,19594.90115,205714,"15,065,760"
17,BROOKLYN,SOUTHWEST BROOKLYN,15315.56646,206909,"15,065,760"
18,BROOKLYN,SOUTHWEST BROOKLYN,18858.50467,205749,"15,065,760"
19,BROOKLYN,SOUTHWEST BROOKLYN,29684.88806,204774,"15,065,760"
20,BROOKLYN,SOUTHWEST BROOKLYN,31398.6228,202618,"15,065,760"
11,QUEENS,SOUTHWEST QUEENS,88111.11111,273298,"27,922,540"
12,QUEENS,SOUTHWEST QUEENS,100792.8571,278573,"27,922,540"
13,QUEENS,SOUTHWEST QUEENS,156510,281251,"27,922,540"
14,QUEENS,SOUTHWEST QUEENS,110500,283319,"27,922,540"
15,QUEENS,SOUTHWEST QUEENS,59176.92307,289601,"27,922,540"
16,QUEENS,SOUTHWEST QUEENS,75378.57143,292559,"27,922,540"
17,QUEENS,SOUTHWEST QUEENS,112612.5,293717,"27,922,540"
18,QUEENS,SOUTHWEST QUEENS,90257.14286,285269,"27,922,540"
19,QUEENS,SOUTHWEST QUEENS,130835,280764,"27,922,540"
20,QUEENS,SOUTHWEST QUEENS,95558.82354,275920,"27,922,540"
11,STATEN ISLAND,STAPLETON AND ST. GEORGE,41516.0221,120386,"30,524,460"
12,STATEN ISLAND,STAPLETON AND ST. GEORGE,31789.09349,122005,"30,524,460"
13,STATEN ISLAND,STAPLETON AND ST. GEORGE,35933.77622,123975,"30,524,460"
14,STATEN ISLAND,STAPLETON AND ST. GEORGE,59375,122702,"30,524,460"
15,STATEN ISLAND,STAPLETON AND ST. GEORGE,42064.52514,123248,"30,524,460"
16,STATEN ISLAND,STAPLETON AND ST. GEORGE,25593.34027,123106,"30,524,460"
17,STATEN ISLAND,STAPLETON AND ST. GEORGE,35487.28813,123646,"30,524,460"
18,STATEN ISLAND,STAPLETON AND ST. GEORGE,39892.99066,122095,"30,524,460"
19,STATEN ISLAND,STAPLETON AND ST. GEORGE,38464.92537,122118,"30,524,460"
20,STATEN ISLAND,STAPLETON AND ST. GEORGE,44327.46748,123102,"30,524,460"
11,BROOKLYN,SUNSET PARK,13838.67403,127465,"9,835,600"
12,BROOKLYN,SUNSET PARK,19700.28329,129179,"9,835,600"
13,BROOKLYN,SUNSET PARK,16451.60839,131913,"9,835,600"
14,BROOKLYN,SUNSET PARK,8872.165605,131167,"9,835,600"
15,BROOKLYN,SUNSET PARK,10415.97765,131541,"9,835,600"
16,BROOKLYN,SUNSET PARK,13596.46202,130755,"9,835,600"
17,BROOKLYN,SUNSET PARK,12327.16325,129404,"9,835,600"
18,BROOKLYN,SUNSET PARK,15957.19626,123245,"9,835,600"
19,BROOKLYN,SUNSET PARK,29684.88806,119600,"9,835,600"
20,BROOKLYN,SUNSET PARK,47600,117158,"9,835,600"
11,MANHATTAN,UPPER EAST SIDE,54825,215358,"5,139,754"
12,MANHATTAN,UPPER EAST SIDE,59733.33334,217154,"5,139,754"
13,MANHATTAN,UPPER EAST SIDE,88400,215270,"5,139,754"
14,MANHATTAN,UPPER EAST SIDE,59957.69231,218946,"5,139,754"
15,MANHATTAN,UPPER EAST SIDE,90112.5,220159,"5,139,754"
16,MANHATTAN,UPPER EAST SIDE,58000,221557,"5,139,754"
17,MANHATTAN,UPPER EAST SIDE,73062.5,222145,"5,139,754"
18,MANHATTAN,UPPER EAST SIDE,73214.28571,214611,"5,139,754"
19,MANHATTAN,UPPER EAST SIDE,37788.46153,213906,"5,139,754"
20,MANHATTAN,UPPER EAST SIDE,58190,213908,"5,139,754"
11,MANHATTAN,UPPER WEST SIDE,57580.64516,215604,"5,438,960"
12,MANHATTAN,UPPER WEST SIDE,40697.73371,215887,"5,438,960"
13,MANHATTAN,UPPER WEST SIDE,47353.66877,217869,"5,438,960"
14,MANHATTAN,UPPER WEST SIDE,49802.97188,217384,"5,438,960"
15,MANHATTAN,UPPER WEST SIDE,48471.42856,215045,"5,438,960"
16,MANHATTAN,UPPER WEST SIDE,44741.78784,213540,"5,438,960"
17,MANHATTAN,UPPER WEST SIDE,43961.40351,214408,"5,438,960"
18,MANHATTAN,UPPER WEST SIDE,77805.81491,214241,"5,438,960"
19,MANHATTAN,UPPER WEST SIDE,64125.12826,212894,"5,438,960"
20,MANHATTAN,UPPER WEST SIDE,68969.95736,215104,"5,438,960"
11,QUEENS,WEST CENTRAL QUEENS,86515.38461,245978,"22,279,050"
12,QUEENS,WEST CENTRAL QUEENS,180916.6667,247417,"22,279,050"
13,QUEENS,WEST CENTRAL QUEENS,66955.88235,247255,"22,279,050"
14,QUEENS,WEST CENTRAL QUEENS,79769.23077,247301,"22,279,050"
15,QUEENS,WEST CENTRAL QUEENS,75200,251807,"22,279,050"
16,QUEENS,WEST CENTRAL QUEENS,85588.23529,253771,"22,279,050"
17,QUEENS,WEST CENTRAL QUEENS,117692.3077,260599,"22,279,050"
18,QUEENS,WEST CENTRAL QUEENS,192850,260709,"22,279,050"
19,QUEENS,WEST CENTRAL QUEENS,88825,262328,"22,279,050"
20,QUEENS,WEST CENTRAL QUEENS,104428.5714,258593,"22,279,050"
11,QUEENS,WEST QUEENS,157622.2222,462257,"32,342,450"
12,QUEENS,WEST QUEENS,154000,462159,"32,342,450"
13,QUEENS,WEST QUEENS,88905.26317,467030,"32,342,450"
14,QUEENS,WEST QUEENS,84099.99999,470226,"32,342,450"
15,QUEENS,WEST QUEENS,121714.2857,472896,"32,342,450"
16,QUEENS,WEST QUEENS,197800,470128,"32,342,450"
17,QUEENS,WEST QUEENS,113586.2069,471944,"32,342,450"
18,QUEENS,WEST QUEENS,130746,458568,"32,342,450"
19,QUEENS,WEST QUEENS,194464.2857,454789,"32,342,450"
20,QUEENS,WEST QUEENS,137759.3023,449376,"32,342,450"
